30_theabductionofsita_part1,[[0.00012583]]
30_theabductionofsita,[[6.5913286e-05]]
30_theabductionofsita_part3,[[5.6870787e-05]]
30_theabductionofsita_part2,[[0.00012359]]
35_shotopir_part1,[[0.00013548]]
34_animalworld,[[0.00027519]]
30_theabductionofsita_part6,[[5.8291327e-05]]
30_theabductionofsita_part7,[[8.846616e-05]]
35_shotopir,[[0.00018144]]
35_shotopir_part6,[[2.941646e-05]]
30_theabductionofsita_part5,[[5.6567926e-05]]
36_thegirlchild_part8,[[0.0001789]]
30_theabductionofsita_part4,[[0.00011608]]
32_chandimangal_part2,[[0.00012812]]
32_chandimangal_part3,[[9.10683e-05]]
36_thegirlchild,[[0.0001789]]
32_chandimangal_part7,[[4.7189238e-05]]
34_animalworld_part4,[[0.00027519]]
34_animalworld_part1,[[0.00218394]]
31_manasamangal_part3,[[0.00021341]]
30_theabductionofsita_part8,[[2.808928e-05]]
31_manasamangal,[[0.00023949]]
32_chandimangal,[[6.886611e-05]]
36_thegirlchild_part3,[[0.00021973]]
