,30_theabductionofsita_part1,27_triballife_part4,30_theabductionofsita,07_gujarat_part6,03_manasa,06_chandi_part8,27_triballife_part1,30_theabductionofsita_part6,23_animalsandbirds_part1,30_theabductionofsita_part7,27_triballife_part2,05_binladen_part7,30_theabductionofsita_part5,23_animalsandbirds_part3,23_animalsandbirds_part2,27_triballife_part3,17_krishna_part1,08_tsunami_part3,03_manasa_part5,11_weddingofthefish_part1,25_tsunami_part1,09_shotopir,28_manasamangal_part3,03_manasa_part4,08_tsunami_part2,03_manasa_part6,28_manasamangal_part1,11_weddingofthefish_part2,01_binladen,11_weddingofthefish_part3,08_tsunami_part1,17_krishna_part3,03_manasa_part3,28_manasamangal_part4,23_animalsandbirds,17_krishna_part4,11_weddingofthefish_part4,28_manasamangal,28_manasamangal_part6,03_manasa_part1,24_communalharmony,24_communalharmony_part1,18_tsunami_part4,19_tsunami_part2,18_tsunami,19_tsunami_part3,26_weddingofthefish_part1,01_binladen_part5,05_binladen-179x1024,24_communalharmony_part2,16_sitaramayana_part4,26_weddingofthefish_part3,19_tsunami_part1,26_weddingofthefish_part2,13_santallife,26_weddingofthefish,16_sitaramayana_part1,01_binladen_part1,04_binladen,26_weddingofthefish_part4,11_weddingofthefish,04_binladen_part5,30_theabductionofsita_part9,09_shotopir_part6,04_binladen_part4,13_santallife_part2,22_fishwedding,09_shotopir_part5,15_victimizationofgirls_part3,09_shotopir_part4,06_chandi_part1,06_chandi,15_victimizationofgirls,27_triballife,04_binladen_part1
0,"[[158. 147. 127. 210. 195.]
 [188. 223. 215. 196. 140.]
 [139.  93.  93.  89.  54.]
 [194. 147.  67. 249. 231.]
 [193. 181. 143. 120. 164.]]","[[ 71.  51.  40. 196. 159.]
 [114. 225. 193. 154.  84.]
 [ 58.  21. 153. 134. 101.]
 [171. 157. 110. 158. 144.]
 [ 95. 201. 177. 143.  59.]]","[[105. 101.  28.  87.  97.]
 [ 47. 156. 125.  96. 147.]
 [110.  81. 231. 209. 149.]
 [ 85.  90.   0. 227. 192.]
 [136.  83.  38.   5. 224.]]","[[138. 111.  92.  32.  29.]
 [ 20.  10.  11.  15.  26.]
 [  8.   0.  25.   8.   0.]
 [ 50.  23.  12. 158. 122.]
 [ 74.  92. 107.  64.  80.]]","[[177. 133.  98.  44.  49.]
 [ 42. 170. 125.  84. 127.]
 [131. 130. 114.  84.  50.]
 [157. 110.  66.  87.  56.]
 [  1. 125. 142. 162. 110.]]","[[200. 135.  79. 203. 154.]
 [122. 120. 132.  92. 124.]
 [ 75.  19. 196. 150.  90.]
 [188. 126.  15. 137.  87.]
 [  2. 184. 187. 166. 211.]]","[[221. 213. 194. 172. 144.]
 [105. 184. 150. 102. 153.]
 [117.  83. 215. 190. 160.]
 [107. 113. 109. 109.  95.]
 [ 66. 198. 145. 101. 102.]]","[[123. 130.  88.  37.  42.]
 [  2.  90.  87.  52.  36.]
 [ 36.   8. 145. 115.  81.]
 [ 97.  76.  45. 137. 106.]
 [ 75. 156. 152.  89. 147.]]","[[217. 185. 172. 182. 119.]
 [101. 200. 132.  69. 251.]
 [220. 104. 249. 191. 154.]
 [186. 174. 160. 195. 112.]
 [ 62. 180. 121.  55. 242.]]","[[ 71.  91.  40. 103. 107.]
 [ 84.  72.  87.  20. 132.]
 [118.  43. 224. 195. 139.]
 [ 77.  73.  38. 206. 176.]
 [124.  81.  59.  36. 206.]]","[[231. 213. 177. 238. 221.]
 [178. 155. 120.  80.  74.]
 [ 72.  49. 131. 113.  75.]
 [219. 181. 144. 199. 178.]
 [151. 213. 188. 147. 224.]]","[[ 59.  58.  63. 100.  96.]
 [ 67. 224. 176.  68. 234.]
 [185. 144. 133. 146. 129.]
 [ 88. 112. 140. 157. 167.]
 [166. 215. 214. 219. 147.]]","[[ 75.  89.  40.  53.  64.]
 [  4. 173. 166. 160.  76.]
 [ 86.  52. 171. 166. 163.]
 [ 93. 106.  50.  91. 101.]
 [ 40. 173. 138. 110. 111.]]","[[125. 120. 126. 176. 167.]
 [160. 151. 146. 143. 221.]
 [116.  69. 113.  54.  22.]
 [141. 137. 125. 106.  92.]
 [ 79.  81.  68.  34. 203.]]","[[212. 156.  71. 119. 114.]
 [111.  81.  64.  48. 144.]
 [139. 136. 230. 159. 103.]
 [250. 209. 119. 195. 106.]
 [ 64. 125.  45.  20. 131.]]","[[ 78.  49.  17.  78.  56.]
 [ 35. 162. 135.  92. 195.]
 [169. 132. 197. 168. 136.]
 [158. 138. 105. 158. 131.]
 [102. 182. 159. 118. 196.]]","[[ 77.  56.  27.  66.  83.]
 [ 65. 213. 183. 110. 159.]
 [116.  81.  80.  88.  64.]
 [ 87. 104.  88. 141. 112.]
 [ 72.  77.  68.  61. 163.]]","[[102.  83.  17. 192. 169.]
 [101.  63.  94. 123.  84.]
 [ 82.  87. 130. 139. 156.]
 [ 83.  75.  39. 185. 121.]
 [ 85.  29.  25.  24.  52.]]","[[177. 118.  76. 225. 182.]
 [148. 187. 139.  99.  10.]
 [  0.   0.  55.  23.   2.]
 [ 86.  53.   0. 217. 208.]
 [225. 128.  85.  51.  87.]]","[[195.  83.  46.  76.  89.]
 [ 95. 106.  86.  35.  52.]
 [ 52.  28.  74.  80.  66.]
 [ 83.  92.  91.  71. 110.]
 [141.  52.  55.  46. 117.]]","[[ 51.  50.  48.  63.  36.]
 [  9. 165. 123.  85. 152.]
 [131. 104.  49.  51.  46.]
 [178. 114.  68. 105. 147.]
 [171. 151.  98.  80. 160.]]","[[245. 212. 105.  77.  81.]
 [ 58. 172. 126.  77. 112.]
 [106.  90.  57.  43.  40.]
 [127.  67.  17. 250. 205.]
 [150. 206. 194. 146. 210.]]","[[ 55.  39.  23. 107.  92.]
 [ 69.  61.  47.   2. 149.]
 [137. 121. 195. 180. 157.]
 [145. 143. 120. 150. 129.]
 [100.  92. 105.  52. 138.]]","[[ 34.  30.   1.  83.  78.]
 [ 72. 248. 248. 236.  64.]
 [ 61.  52.  20.   0.   0.]
 [147.  95.  12. 216. 178.]
 [ 43.  38.   0.   0. 154.]]","[[102.  93.  96.  49.  42.]
 [ 26.  65.  66.  61.  91.]
 [ 84.  66. 130.  78.  21.]
 [ 50.  45.  25. 139. 136.]
 [121. 157. 157. 159. 103.]]","[[153.  85.  84. 119.  71.]
 [ 51. 181. 182. 168. 120.]
 [ 55.  49. 170.  96.  95.]
 [238. 231. 225. 201. 170.]
 [124. 252. 212.  90. 159.]]","[[137. 131.  99.  60.  62.]
 [ 49. 223. 217. 191.  32.]
 [ 32.   0. 112.  85.   0.]
 [ 90.  80.  70. 171. 145.]
 [108. 133.  75.  35. 182.]]","[[ 65.  36.  20. 153. 113.]
 [ 26. 101.  84.  90.  52.]
 [ 43.  38.  73.  60.  69.]
 [ 38.  51.  83.  20.  52.]
 [ 67.  58.  49.  34. 212.]]","[[179. 164. 157. 167. 136.]
 [115.  84.  87.  80. 134.]
 [ 63.  21. 175. 171. 168.]
 [151. 133. 129. 109. 102.]
 [ 56.  99.  98. 106. 135.]]","[[122.  99.  85. 132. 123.]
 [ 64.  95.  52.  20.  62.]
 [ 40.  52. 247. 211. 117.]
 [ 70.  82. 104.  89.  64.]
 [ 44. 123.  96.  67. 238.]]","[[143.  89.  43. 185. 134.]
 [ 81. 191. 148.  97. 133.]
 [ 74.  14. 142. 100.  52.]
 [118.  74.  25. 107.  83.]
 [ 59.  75.  23.   9.  34.]]","[[169.  97.  57. 205. 214.]
 [211. 189. 163. 136.  23.]
 [  2.   1. 103. 107. 110.]
 [209. 188. 141. 153.  87.]
 [ 63. 116.  41.   2. 124.]]","[[ 76.  49.  30. 102.  69.]
 [ 62.  48.  33.  54.  67.]
 [ 46.  55.  55.  96. 126.]
 [120.  86.  61. 105.  70.]
 [ 38.  56.  35.  14.  78.]]","[[108.  55.  13. 102. 116.]
 [ 83.  89. 119. 111. 166.]
 [133.   0.  88. 103.  60.]
 [ 99. 110.  96. 226. 217.]
 [162.  91. 102.  60.  64.]]","[[125. 120. 126. 176. 167.]
 [160. 151. 146. 143. 221.]
 [116.  69. 113.  54.  22.]
 [141. 137. 125. 106.  92.]
 [ 79.  81.  68.  34. 203.]]","[[ 54.  77.  67.  17.  37.]
 [ 25.  41.  58.  50.  63.]
 [  0.   0.  36.  59.  43.]
 [ 64.  89.  68.  36.  87.]
 [114.  76.  96.  84.  73.]]","[[237. 213.  91.  93.  83.]
 [ 81.  56.  86.  88.  70.]
 [149. 208.  60.  56.  45.]
 [107. 161. 185.  77.  47.]
 [ 23.  77.  61.  62. 100.]]","[[ 69.  71.  21.  83.  97.]
 [ 61. 169. 103.  51. 130.]
 [110.  75.  80.  49.  28.]
 [ 35.  42.   1. 131. 149.]
 [149. 137. 123.  78. 124.]]","[[ 59.  63.  49.  25.  29.]
 [ 30.  73.  88.  45. 142.]
 [145. 134.  47.  40.  30.]
 [ 45.  46.  32. 123. 122.]
 [ 39. 160. 134.  75. 126.]]","[[ 47.  70.  76. 140. 145.]
 [141. 206. 161. 138.  71.]
 [ 70.  52.  78.  53.  12.]
 [ 30.  36.  24. 141.  80.]
 [  0. 171. 141. 141. 195.]]","[[159.  99.  45. 143. 121.]
 [110. 165. 161. 158. 185.]
 [127.  87. 159. 156.  79.]
 [102.  89.  21. 238. 228.]
 [219. 160. 154. 104. 202.]]","[[196. 178. 130. 189. 148.]
 [116. 184. 101.  69. 174.]
 [150. 116. 189. 159. 123.]
 [181. 173. 160. 227. 224.]
 [205. 198. 192. 180. 223.]]","[[ 82.  71.  69. 245. 229.]
 [213. 114.  63.  18. 116.]
 [ 79.  52.  83.  67.  51.]
 [ 38.  66. 113. 180. 126.]
 [ 82. 120.  56.  20. 113.]]","[[ 51.  44.  28.  72.  42.]
 [ 16. 227. 192.  72. 136.]
 [ 84.  37.  61.  50.  32.]
 [171. 182. 186.  21.  29.]
 [ 42.  62.  75.  92.  68.]]","[[ 88.  47.  15. 142.  85.]
 [ 56. 147. 113.  52.  23.]
 [ 35.  21. 152. 110.  68.]
 [127.  69.  57. 143. 154.]
 [ 94. 101.  88.  33. 204.]]","[[147. 114.  95.  18.  25.]
 [  9.  33.  43.  16.  12.]
 [  7.   1. 124. 125. 119.]
 [214. 184. 156. 114. 111.]
 [102.  85. 114. 128. 124.]]","[[169. 168. 163. 205. 202.]
 [193. 213. 207. 207. 207.]
 [207. 205. 145. 103.  65.]
 [109. 108. 106. 113.  92.]
 [ 63. 132. 117. 136. 180.]]","[[207. 202. 208. 155. 164.]
 [117. 212. 179.  22.  86.]
 [ 93.  62.  66.  71.  51.]
 [105.  74.  71.  65.  59.]
 [ 61. 208. 210. 197.  24.]]","[[125. 117. 114. 179. 180.]
 [164. 136.  64.  26. 200.]
 [181. 175.  88.  88.  80.]
 [134. 119. 112.  89.  33.]
 [  8. 182. 155. 102. 105.]]","[[166. 168. 128. 140. 136.]
 [ 72. 117.  75.  33. 113.]
 [ 98.  31. 130. 138. 149.]
 [160. 152. 141.  86.  75.]
 [ 53. 137.  84.  53. 125.]]","[[ 58.  34.  34. 110. 131.]
 [ 92.  91.  56.  37. 216.]
 [159.  78.   4.   8.  11.]
 [ 50.  45.   3. 214. 157.]
 [104. 108.  72.  20. 118.]]","[[133.  85.  71. 109. 114.]
 [ 94. 189. 180. 173. 122.]
 [130. 119.  88.  84.  73.]
 [149. 126. 146. 134.  76.]
 [ 56.  83.  50.  31. 110.]]","[[ 28.  25.  18. 129. 174.]
 [205. 230. 230. 222. 119.]
 [173. 207.  99. 140. 170.]
 [229. 173. 114. 227. 144.]
 [ 74.  40.  53.  25. 198.]]","[[198. 122. 169. 118. 114.]
 [ 69. 178. 170. 151.  93.]
 [ 90.  59. 162.  91. 151.]
 [185. 143. 118. 126. 105.]
 [ 84. 160. 106.  34.  97.]]","[[154. 138. 112.  58.  12.]
 [  0. 217. 135. 157.  46.]
 [ 19.   8. 165. 100.  68.]
 [144.  76.  31. 186. 174.]
 [  4.  91.  32.  38. 231.]]","[[104.  94.  43. 163. 110.]
 [ 44. 187. 152. 172. 206.]
 [177. 101. 120.  60.  26.]
 [ 90.  77.  33. 155. 161.]
 [157. 116.  62.  28.  72.]]","[[153. 122.  76. 178. 119.]
 [ 75. 126. 124.  73. 143.]
 [135.  86. 140. 109.  78.]
 [123. 131. 108.  68.  66.]
 [ 41. 158.  69.   9.  63.]]","[[223. 111.  35. 232. 187.]
 [ 84. 242. 183.  47. 190.]
 [ 75.  12. 146. 140. 128.]
 [132. 111. 106. 228. 195.]
 [118.  47.  47.  39.  51.]]","[[250. 251. 255.  79.  91.]
 [ 53.  98. 108.  58. 193.]
 [172.  19. 216. 159.  52.]
 [178. 132.  36. 227. 210.]
 [140. 100.  51.  10.  56.]]","[[ 83.  79.  50. 178. 162.]
 [126. 114.  85.  67. 164.]
 [162. 149. 166.  99.  72.]
 [ 90.  67.  33. 143. 140.]
 [135. 179. 172. 166. 150.]]","[[135. 151. 125. 123. 116.]
 [123. 138. 112.   0. 174.]
 [164. 128.  85. 106.  63.]
 [110. 127.  59.  68.  45.]
 [ 37.  14.  21.  27.  63.]]","[[ 98. 100. 112. 105.  75.]
 [ 47. 129. 128. 100. 113.]
 [121. 110. 120. 100.   3.]
 [185. 146.  55. 139. 107.]
 [ 50. 125.  60.  20. 117.]]","[[182. 172. 160. 222. 211.]
 [179. 201. 154.  72. 134.]
 [137. 108.   2.   0.   1.]
 [247. 209. 146. 253. 222.]
 [158. 209. 164.  81. 218.]]","[[ 57.  54.  47.  37.  47.]
 [ 36. 231. 195.  73. 179.]
 [141.  30.  47.  50.  29.]
 [ 74.  97. 111. 170. 140.]
 [ 20. 232. 182.  51. 247.]]","[[168. 143. 113.  72.  44.]
 [  4.  55.  51.   3. 144.]
 [165. 158.  89.  60.   0.]
 [232. 188. 113.  38.  27.]
 [  5.  96.  67.   0.  60.]]","[[134. 108.  95. 215. 186.]
 [188. 145. 118.  89. 155.]
 [105.  56. 104.  85.  55.]
 [111. 105. 107. 108.  83.]
 [ 79. 120. 101.  94. 242.]]","[[114.  75.  44.  75.  82.]
 [ 64.  36.  44.  29. 148.]
 [167. 161. 194. 162.  39.]
 [191. 135.  60. 187. 148.]
 [ 27. 147.  84.  66. 176.]]","[[ 85.  57.  45.  94.  73.]
 [ 56. 106.  77.  43. 151.]
 [113. 110. 103.  58.  35.]
 [ 81.  43.  24.  81.  47.]
 [ 22. 199. 140. 108. 229.]]","[[ 65.  48.   2.  47.  34.]
 [  2.   8.   3.   0. 223.]
 [165.  65. 231. 170.  63.]
 [208. 166.  58.  57.  48.]
 [  9.  40.  59.  29. 239.]]","[[156. 174. 184.  67.  83.]
 [ 98.  37.  29.  26. 122.]
 [140. 150. 133. 124. 117.]
 [149. 112.  93.  32.  29.]
 [ 24. 113.  68.  45. 140.]]","[[202. 139.  72. 163. 110.]
 [ 42. 176. 113.  78. 250.]
 [188. 177. 250. 242. 231.]
 [ 72.  78.  34. 123. 133.]
 [ 80. 156.  77.  21. 200.]]","[[144. 142.  93. 219. 186.]
 [153.  89.  27.   2. 147.]
 [115.  76.  91.  80.  35.]
 [115. 115.  65.  63.  60.]
 [ 15.  68.  71.  28.  88.]]","[[174.  67.   0. 232. 134.]
 [109. 237. 184.  70. 245.]
 [206. 177. 239. 200.  81.]
 [245. 226.  88. 134.  91.]
 [ 22. 183.  88.  42. 192.]]","[[161. 139.  56. 141. 137.]
 [126. 170. 166. 155. 205.]
 [198. 179. 233. 208. 177.]
 [140. 126.  65.  99.  78.]
 [ 49. 224. 186. 139. 221.]]","[[152. 177. 199.  80. 112.]
 [133.  60.  88. 100. 231.]
 [255. 255.  67.  92. 112.]
 [ 88.  59.  27.  41.  40.]
 [ 45.  54.  58.  31. 173.]]"
1,"[[120.  93. 178. 161.  81.]
 [208. 183. 129. 227. 189.]
 [116. 119. 117.  68. 116.]
 [112.  49. 207. 168.  77.]
 [202. 169. 134.  70.  10.]]","[[ 34.   3. 219. 193. 156.]
 [227. 205. 164. 175. 144.]
 [ 89. 171. 143.  93. 179.]
 [156. 102. 186. 164. 125.]
 [189. 172. 128. 213. 185.]]","[[193.  85. 218. 201. 145.]
 [ 76.  66.   7. 150. 104.]
 [ 29. 240. 176.  52. 205.]
 [174. 110. 177. 162. 139.]
 [136.  72.  11. 194. 166.]]","[[ 48.   7.  73.  40.   7.]
 [143. 116.  89. 136.  93.]
 [ 59.  70.  83.  39. 132.]
 [ 83.  53. 131.  74.  57.]
 [ 42.  67.  37. 133.  98.]]","[[ 95.  36.  61.  74.  91.]
 [146. 150. 153. 102.  55.]
 [  1. 111. 128. 146. 231.]
 [198. 191.  55.  41.  41.]
 [231. 185. 126.  52.  65.]]","[[145.  69.  95.  79.  53.]
 [165. 188. 160. 255. 192.]
 [121. 126.  81.  48. 135.]
 [ 65.  39. 174. 123.  70.]
 [ 62.  56.  34. 172. 123.]]","[[112. 113.  75.  80.  84.]
 [203. 197. 181. 220. 204.]
 [171. 159. 153. 137. 173.]
 [176. 155. 205. 202. 185.]
 [224. 189. 149. 250. 216.]]","[[109.  72. 140. 123. 107.]
 [ 92.  60.  39. 174. 153.]
 [132. 139.  97.  49.  89.]
 [ 90.  72. 138.  92.  40.]
 [106.  71.  43. 164. 141.]]","[[209. 106. 220. 182. 101.]
 [169. 101.  52. 206. 188.]
 [176.  62.  55.  36. 105.]
 [ 93.  55. 138.  96.  36.]
 [144. 141. 124. 164. 161.]]","[[171. 117. 247. 217. 167.]
 [103. 116.  70. 167. 142.]
 [102. 114.  94.  57. 103.]
 [ 88.   7. 210. 190.  69.]
 [134. 131.  34. 255. 252.]]","[[197. 154. 180. 157. 115.]
 [195. 171. 133. 158. 135.]
 [ 93. 132. 106.  73. 105.]
 [ 75.  23. 126. 109.  65.]
 [186. 164. 140. 180. 156.]]","[[151. 152. 198. 161.  72.]
 [ 75.  45.   0. 192. 157.]
 [115. 217. 179. 130. 217.]
 [183. 137. 250. 215. 133.]
 [182. 163. 130. 253. 212.]]","[[ 76.  48. 215. 183. 124.]
 [220. 212. 175. 180. 126.]
 [ 54.  99.  75.  47.  77.]
 [ 68.   0. 102.  51.   6.]
 [173. 130.  38. 216. 180.]]","[[127.  78. 234. 139.  95.]
 [255. 213. 114. 246. 212.]
 [175. 212. 146. 112. 148.]
 [136. 112. 240. 193.  77.]
 [160. 134. 101.  88.  54.]]","[[ 98.  79. 133.  74.  32.]
 [230. 176.  67. 238. 153.]
 [ 98. 159. 127. 112. 182.]
 [101.  48. 237. 189.  79.]
 [164. 162. 150. 160. 138.]]","[[179. 149. 212. 188. 150.]
 [219. 203. 170. 228. 213.]
 [182.  68.  56.  40. 140.]
 [123.  95.  98.  84.  55.]
 [105.  81.  43. 223. 207.]]","[[134. 104. 121. 104.  86.]
 [186. 187. 189. 241. 243.]
 [242. 232. 199.  68. 239.]
 [241. 240.  52.  69.  50.]
 [204. 125.  69. 212. 161.]]","[[ 55.  46.  89.  64.  57.]
 [154. 127. 100. 117.  79.]
 [ 40.  81.  43.   6. 126.]
 [ 83.  49. 153. 124.  94.]
 [ 90.  99.  56.  89.  76.]]","[[ 98. 118.  28.  28.  26.]
 [130.  99.  32. 133. 113.]
 [102. 217. 212. 206. 122.]
 [132.  97. 240. 210. 120.]
 [ 75.  56.  42. 230. 223.]]","[[102.  79.  97.  86.  84.]
 [117. 100.  28.  74.  99.]
 [129.  86.  87.  71.  88.]
 [125. 152.  99. 168. 201.]
 [ 94.  68.  53. 161. 117.]]","[[188. 200. 255. 198. 186.]
 [226. 237. 241. 165. 183.]
 [187. 184. 186. 181. 106.]
 [104.   3. 141. 150.  97.]
 [201. 202. 188. 186. 201.]]","[[194. 143.  98.  71.  44.]
 [ 57.  57.  31. 214. 204.]
 [203.  30.  33.  16. 125.]
 [ 50.  11.  32.  22.   0.]
 [ 30.  22.   0.  28.  37.]]","[[126. 100. 171. 153. 141.]
 [ 57.  59.  45.  59.  72.]
 [ 42.  60.  69.  40.  47.]
 [ 45.  33. 227. 202. 109.]
 [ 70.  84.  49.  82.  96.]]","[[170. 185.  79.  86.  42.]
 [136.  85.  84.  27.  27.]
 [  1.  50.  71.  76. 133.]
 [159. 182. 224. 186.  77.]
 [ 56.  56.  46. 170. 110.]]","[[ 96.  78.  35.  39.  42.]
 [ 74.  74.  66.  73.  58.]
 [ 27.  72.  77.  57. 101.]
 [ 87.  60. 118. 107.  62.]
 [ 39.  40.  44.  89.  73.]]","[[ 90.  85. 218. 235. 251.]
 [ 66.  79. 113. 250. 218.]
 [ 55. 253. 255. 244. 252.]
 [211.  97. 111.  61.   0.]
 [198. 127. 105.  56.  53.]]","[[159.  45. 106.  52.   5.]
 [ 61.  77.  41. 149. 128.]
 [109. 207. 137. 125. 174.]
 [109.  55.  75. 103. 104.]
 [ 62.  76.  40. 178. 100.]]","[[179. 112.  45.  36.  19.]
 [ 59.  60.  46. 247. 216.]
 [151.   0.  80. 118. 130.]
 [144. 155.  42.  45.  50.]
 [152. 123.  83. 222. 194.]]","[[ 44.  25.  41.  32.  15.]
 [143. 128. 123. 208. 164.]
 [103. 203. 156. 136. 162.]
 [156. 120.  98.  88.  61.]
 [158. 146. 124. 103.  26.]]","[[200. 127.  12.   4.  15.]
 [ 93.  79.  78. 106. 156.]
 [189.  90.  65.  34. 232.]
 [206.  51.   0.   1.   4.]
 [ 31.  46.  53.  96.  84.]]","[[ 30.   1.  85.  50.  10.]
 [113.  69.   4.  77.  76.]
 [ 56. 202.  86.  39.  77.]
 [ 70.  54. 149. 112.  41.]
 [ 63.  56.  38.  67.  61.]]","[[102.   3.  94.  59.  39.]
 [  0.   0.  28.  60.  67.]
 [ 49. 253. 227. 140.  50.]
 [ 46.  37. 227. 181. 103.]
 [168. 206. 217. 195. 171.]]","[[ 49.  15.  48.   7.   3.]
 [108.  78.  52. 147. 164.]
 [184.  45.  85. 121. 152.]
 [127. 122.  76.  32.   5.]
 [118.  81.  37. 114. 105.]]","[[ 56.  17. 108.  93.  64.]
 [ 97.  85.  71. 188. 188.]
 [186. 151. 148.  79. 114.]
 [126.  76.   0.  19.   0.]
 [229. 215. 202. 129. 121.]]","[[127.  78. 234. 139.  95.]
 [255. 213. 114. 246. 212.]
 [175. 212. 146. 112. 148.]
 [136. 112. 240. 193.  77.]
 [160. 134. 101.  88.  54.]]","[[ 76.  85.  35.  53.  39.]
 [237. 225. 199. 216. 184.]
 [163. 188. 151.  70. 125.]
 [ 68.  51. 236. 237. 239.]
 [210. 214. 215. 255. 183.]]","[[ 76.  72.  49.  55.  67.]
 [ 57.  30.  19. 150. 109.]
 [ 63. 245. 210.   4. 247.]
 [228. 134. 132. 109.  78.]
 [119.  92.  49. 120.  91.]]","[[ 96.  59.  74.  62.   2.]
 [ 75.  84.  29. 126.  85.]
 [ 55. 112.  61.  32.  81.]
 [102.  95. 153. 146.  68.]
 [ 57.  63.  17. 114. 132.]]","[[130. 131. 124. 136. 136.]
 [ 76.  76.  64.  55.  56.]
 [ 48.  53.  29.   3.  73.]
 [ 59.  56. 177. 187. 178.]
 [ 77.  80.  49.  59.  67.]]","[[157.  94. 244. 213. 105.]
 [104. 149. 182. 132.  92.]
 [ 90.  67.   4.   0.  98.]
 [ 43.  36.  51.  37.   2.]
 [180.  74.  50. 123.  55.]]","[[170.  59.  89.  85.  14.]
 [107.  77.  39. 177. 164.]
 [122. 173. 155. 131. 172.]
 [157. 118.  91.  96.  29.]
 [135.  92.  41. 214. 185.]]","[[206. 186. 127.  96.  67.]
 [150. 131. 117. 171. 156.]
 [153. 169. 150. 133. 251.]
 [242. 227. 145.  98.  72.]
 [250. 228. 178. 237. 223.]]","[[ 68.  11. 217. 220. 203.]
 [ 61.  52.  47.  50.  70.]
 [ 17. 164. 120.  73. 192.]
 [100.  25. 111.  67.   2.]
 [ 35.  30.  11. 118.  88.]]","[[ 86.  60.  91. 123.  82.]
 [ 43.  32.  30.  63.  43.]
 [ 16. 105. 116. 122.  93.]
 [123. 147. 200. 133.  81.]
 [ 77.  51.  28. 206. 158.]]","[[178.  93. 185. 153. 102.]
 [ 80.  36.  35.  49.  43.]
 [ 21.  31.  31.  43.  52.]
 [ 19.  14. 113.  74.  67.]
 [ 86. 101. 120. 100. 116.]]","[[123. 121. 167. 195. 207.]
 [ 40.  34.  18.  84.  93.]
 [ 74. 164. 188. 200. 134.]
 [119.  26.  37.  46.  27.]
 [240. 212.  86. 148. 127.]]","[[139.  85. 210. 208. 209.]
 [ 90. 100.  92.  89.  78.]
 [ 74. 181. 179. 156. 134.]
 [121. 104.  96.  79.  72.]
 [110. 120. 112. 212. 189.]]","[[ 26.  21.  72.  84.  80.]
 [200. 190. 181. 244. 245.]
 [237. 169. 163. 149.  58.]
 [ 69.  65.  68.  74.  74.]
 [249. 250. 245. 242. 238.]]","[[110.  69.  97.  50.   0.]
 [100.  99.  97. 194. 155.]
 [112.  78.  55.  14. 190.]
 [174.  27. 106.  63.  28.]
 [105.  98.  90.  60.  40.]]","[[104.  59. 202. 155.  75.]
 [124. 113.  85.  81.  67.]
 [ 38. 196. 179. 127. 124.]
 [ 99.  58. 207. 209. 195.]
 [164. 155. 140. 169. 151.]]","[[ 93.  62. 102.  46.  19.]
 [163. 173. 149. 210. 116.]
 [ 62.  59.  15.   0.  86.]
 [ 93.  41. 124.  84.  74.]
 [111.  52.   0. 210. 131.]]","[[ 87.  45.  76.  78.  73.]
 [170. 168. 155. 127. 114.]
 [ 69. 194. 160.  62. 149.]
 [131.  93.  88.  87.  83.]
 [178. 165. 130. 191. 167.]]","[[131.  76.  60. 120. 154.]
 [ 88. 137. 167.  24.  24.]
 [ 26.  85.  72.  56.  22.]
 [ 20.  23. 138. 172. 197.]
 [ 49.  42.  24.  39.  35.]]","[[ 80.  34. 199. 168.  60.]
 [164.  75.  57.  76.  79.]
 [ 72. 185. 171. 132. 147.]
 [138. 143.  75.  70.  28.]
 [116.  72.  61. 139.  65.]]","[[194.  27.  96.  42.   6.]
 [123.  59.  23.  35.  34.]
 [ 13.  37.  41.  24. 130.]
 [124.  92. 137.  72.  32.]
 [165.  92.  60. 114.  60.]]","[[ 60.  46. 154. 136. 132.]
 [178. 159.  90.  92.  84.]
 [ 73. 139. 148. 131. 163.]
 [163. 153. 177. 164. 129.]
 [171. 143.  93. 130. 121.]]","[[ 46.  20. 133.  52.   9.]
 [ 97.  66.   2. 237. 175.]
 [ 64. 115.  52.  11. 153.]
 [123.  89.  85.  56.  26.]
 [240. 184.  71. 233. 163.]]","[[ 46.  40. 116. 113. 108.]
 [140. 136. 135. 129. 103.]
 [ 80. 117. 120. 113. 100.]
 [ 86.  37. 150. 139. 147.]
 [206. 208. 197.  78.  78.]]","[[ 38.  24. 126.  79.   0.]
 [121.  58.  17. 162. 142.]
 [ 71.  85.  54.  25.  56.]
 [ 17.   0. 204. 173. 179.]
 [161. 132.  98. 117.  92.]]","[[ 92.  72. 126. 119. 113.]
 [152. 142. 143. 151.  92.]
 [112. 102.  97. 103. 179.]
 [117.  58. 205. 168.  62.]
 [184. 160. 134. 114. 110.]]","[[ 71.  74. 118. 119. 149.]
 [247. 208.  91.  55. 135.]
 [198.  26.  86. 120.  86.]
 [ 74.  88. 229. 237. 226.]
 [128.  91.  46.  71.  52.]]","[[ 79.  43. 189. 147.  63.]
 [213. 159.  50. 140. 131.]
 [ 90. 248. 212.  74.  88.]
 [ 45.   2. 144. 139. 101.]
 [107. 129. 140. 164. 113.]]","[[220. 209. 234. 196.  71.]
 [145. 158. 102.  32.   2.]
 [  0. 111.  82.   4. 131.]
 [ 76.  11. 126.  57.   2.]
 [148.  77.   0.  78.  83.]]","[[212. 112. 233. 192.  86.]
 [ 61.  44.  34. 236. 184.]
 [ 20.  82.  61.  32. 210.]
 [195. 198. 239. 209.  77.]
 [150. 151. 143. 148.  84.]]","[[ 61.   3.  76. 107. 128.]
 [176. 153.  13. 146. 132.]
 [ 87. 184. 126. 112. 150.]
 [ 85.  57. 248. 220. 110.]
 [128. 112.  53. 125.  92.]]","[[211. 190. 249. 220. 212.]
 [183. 167. 133. 104.  96.]
 [ 57.  36.  35.  14.  82.]
 [ 85.  58.  81.  85.  68.]
 [162. 156. 156. 136. 152.]]","[[ 79.  10.  69.  73.  38.]
 [144.  88.  61. 249. 211.]
 [ 84. 202.  99.  40. 130.]
 [ 85.  43. 137. 114.  38.]
 [116. 135. 149. 105.  59.]]","[[186.  81. 116.  70.  34.]
 [  0.  29.  46.  69.  45.]
 [ 33.  58.  39.  25. 187.]
 [120. 101.  82.  37.   8.]
 [ 44.  78. 103. 238. 204.]]","[[206. 197. 170.  79.  48.]
 [ 83.  68.  65. 196.  92.]
 [ 39. 210.  82.  35. 108.]
 [ 90.  76. 200. 203. 146.]
 [ 86.  63.  55.  50.  40.]]","[[130. 128.  30.  20.  18.]
 [111.  63.  27.  63.  35.]
 [ 11. 164. 131.  86. 163.]
 [117.  40.  29.  38.  21.]
 [ 97.  55.  17. 117. 128.]]","[[134.  58. 199. 180. 140.]
 [255. 254. 249. 164. 158.]
 [124. 116.  52.  27.  44.]
 [ 37.  31. 234. 168.  82.]
 [141. 100.  54.  62.  45.]]","[[ 75.  43.  76.  29.   1.]
 [ 75.  40.   0.  30.  14.]
 [  0.  39.  39.   1.  36.]
 [ 33.   2. 228. 199. 121.]
 [ 98.  94.  49.  84.  49.]]","[[133.  75. 255. 244.  99.]
 [159.  66.   0. 154.  74.]
 [  1. 218. 108.  47. 176.]
 [ 70.  20. 154.  46.  10.]
 [172.  62.   3. 205. 159.]]","[[187. 139. 180. 142.  97.]
 [130. 109.  20. 216. 197.]
 [164. 195. 167. 120. 175.]
 [147. 107. 195. 174. 145.]
 [ 68.  51.   7. 117.  99.]]","[[ 82.   3. 217.  87.  53.]
 [110. 112.  88.  76.  98.]
 [135. 120. 128.  81. 244.]
 [193.  84. 233. 187.  76.]
 [  0.  41.  73.  33.  76.]]"
2,"[[  2. 160. 112.  27. 135.]
 [131.  93. 174. 145.  65.]
 [208. 173. 115. 121.  90.]
 [ 62. 177. 163. 134. 138.]
 [129.  90. 174. 169. 103.]]","[[138.  94.  65.  25. 194.]
 [166. 127. 114.  89.  49.]
 [172. 148. 114. 249. 238.]
 [210. 159. 140.  98. 220.]
 [196. 152. 201. 167. 129.]]","[[ 59.  83.  62.  35. 207.]
 [161.  63.  26.   0.   1.]
 [ 80.  92.   6. 228. 196.]
 [135. 244. 202. 162. 217.]
 [196. 151. 214. 199. 168.]]","[[ 40. 156. 133.  53. 136.]
 [105.  25. 158.  69.  39.]
 [103. 118.  77. 125.  83.]
 [ 35. 156. 106.  47. 144.]
 [101.  59. 133.  53.  26.]]","[[ 97. 123. 149. 150. 162.]
 [164. 151.  52.  36.   0.]
 [112. 107. 104. 212. 143.]
 [ 48.  63.  58.  52.  65.]
 [ 58.  52.  67.  73.  73.]]","[[ 67. 141.  86.  29. 234.]
 [168.  74. 158. 142. 145.]
 [218. 195. 101. 106.  89.]
 [ 71. 201.  92.  59. 238.]
 [169. 100.  85. 108. 140.]]","[[179. 248. 206. 156. 221.]
 [176. 143. 236. 204. 166.]
 [178. 163. 140. 221. 233.]
 [231. 212. 193. 153. 169.]
 [146.  96. 163. 116.  62.]]","[[ 48. 157.  92.  72. 241.]
 [231. 204. 184. 151. 132.]
 [ 94.  59.  37. 143. 131.]
 [ 73. 212. 176. 126. 255.]
 [253. 240. 171. 140. 122.]]","[[146. 157. 113. 102. 146.]
 [ 92.  82. 240. 185.  85.]
 [173. 102.  50. 246. 227.]
 [169. 181.  94.  51. 122.]
 [ 85.   0. 147. 108.  53.]]","[[232. 170. 135. 116. 116.]
 [102. 102.  98. 108. 118.]
 [244. 245. 211. 132. 110.]
 [ 73. 180. 145.  81. 100.]
 [ 80.  11. 229. 205. 115.]]","[[128. 242. 218. 180. 184.]
 [157. 128. 155. 123.  85.]
 [121.  97.  63. 122. 101.]
 [ 72. 191. 169. 132. 120.]
 [ 91.  51. 201. 177. 143.]]","[[ 86. 124.  66.  52.  93.]
 [ 50.  33.  85.  62.  56.]
 [195. 101.  75. 251. 252.]
 [254. 120.  71.  57. 107.]
 [ 54.  38. 119.  60.  46.]]","[[118. 208. 143.   0.  92.]
 [ 76.  17. 116.  26.   2.]
 [ 59.  40.   0. 193. 168.]
 [101. 204. 134.   4. 139.]
 [129.  67. 237. 195. 137.]]","[[ 29. 228. 203. 147. 126.]
 [ 94.   0. 105.  80.  16.]
 [141. 105.  89. 155. 129.]
 [104. 242. 207. 169. 200.]
 [178.  92. 191. 145.  96.]]","[[115. 200. 152.  44. 228.]
 [206. 133. 195. 176. 159.]
 [134. 112.  54. 167. 118.]
 [103. 176. 133. 126. 157.]
 [103. 101. 116. 107.  78.]]","[[182. 241. 221. 194. 110.]
 [ 88.  51. 160. 137. 121.]
 [107.  96.  64. 176. 139.]
 [ 97. 143. 125.  89. 148.]
 [127.  96. 161. 141. 104.]]","[[140. 221. 190.  84. 246.]
 [255. 254. 104.  36.   0.]
 [201. 209. 228. 123. 115.]
 [102. 195. 210. 215. 160.]
 [163. 154. 142.  89.  58.]]","[[  8.  74.  57.  29. 120.]
 [ 96.  96.  61.  60.  39.]
 [108.  91.  47.  38.  32.]
 [  8. 121. 104.  96.  64.]
 [ 46.   8. 141. 127. 124.]]","[[215. 227. 233. 255. 176.]
 [175. 108. 212. 118. 134.]
 [ 87.  54.  45. 165. 131.]
 [ 94.  47.  99. 149. 144.]
 [122. 145.  56.  32.   0.]]","[[ 46. 139. 127. 115. 170.]
 [116.  69.  88.  97. 114.]
 [ 64.  49.  46.  60.  45.]
 [ 52. 255. 216.  95. 112.]
 [104. 141.  70.  62.  60.]]","[[170. 169. 176. 160. 210.]
 [228. 212. 111.  76.   8.]
 [ 50.  70.  68. 189. 197.]
 [208. 193. 210. 217. 192.]
 [218. 219.  46.  35.  13.]]","[[ 46.  59.  38.  17. 161.]
 [115.  91.  57.  24.   0.]
 [ 98.  68.   8. 247. 181.]
 [ 43. 247. 187.  28.  54.]
 [ 47.  41.  46.  34.  10.]]","[[ 61.  90.  54.  30.  60.]
 [ 62.  51.  32.  46.   0.]
 [ 76.  54.  41.  61.  45.]
 [ 32.  83.  99.  52. 251.]
 [246. 217. 171. 158. 139.]]","[[ 48.  35.   4.   9. 149.]
 [178. 210. 119.  99. 124.]
 [165. 135. 169. 124. 155.]
 [186. 137. 141. 144.  88.]
 [124. 156.  53.  41.   0.]]","[[ 21. 188. 146.  86. 167.]
 [122.  81.  92.  73.  30.]
 [ 40.  57.  65.  55.  55.]
 [ 47.  49.  68.  38.  90.]
 [ 84.  52.  62.  43.  13.]]","[[ 44.  76.  69.  63. 236.]
 [160. 207.  54.  65.   0.]
 [154.  90.   0. 255. 213.]
 [ 48. 195. 135. 109. 110.]
 [126. 116. 129. 147. 147.]]","[[ 80. 202. 122.  87. 148.]
 [ 73.  33.  86.  98.  94.]
 [ 86. 103.  61. 152.  85.]
 [ 33. 162.  91.  27. 181.]
 [103.  57. 120. 121. 107.]]","[[ 84. 221. 154.  67. 197.]
 [177. 153.  99. 122. 154.]
 [ 82.  58.  32.  58.  32.]
 [ 19. 125. 142. 172.  92.]
 [ 59.  40.  61.  57.  30.]]","[[  6. 207. 183.  77.  56.]
 [ 84.  95.  32.  17.   0.]
 [ 66.  56.  29. 231. 230.]
 [225. 203. 198. 179.  50.]
 [ 58.  60. 180. 176. 173.]]","[[ 68.  25.  27.  22.  17.]
 [ 30.  13.  62.  30.  33.]
 [ 81.  70.  48.  17.  87.]
 [123.  91.  61.  59.  15.]
 [ 19.  20. 135. 121. 108.]]","[[ 45.  42.  59.  85.  60.]
 [ 56.  45.  45.  41.  14.]
 [ 40.  33.  15. 143. 133.]
 [121.  60.  58.  33.  66.]
 [ 59.  43.  57.  50.  32.]]","[[ 37.  41.  22.  15.  25.]
 [  1.   0.  45.  67.  81.]
 [ 46. 105. 139. 129.  49.]
 [ 12. 175.  86.  46.  40.]
 [ 56.  45. 117. 160. 176.]]","[[108.  41.  34.  41. 103.]
 [ 89.   1. 135.  86.  53.]
 [ 78.  43.  24.  34.  19.]
 [  0. 120.  83.  54. 194.]
 [174. 149. 102.  59.  43.]]","[[ 85.  78.  90.  42.  48.]
 [ 55.  47.  67.  78.  44.]
 [ 96.  87.  72. 151. 164.]
 [154.  92.  94.  73.   0.]
 [  0.   2.  72.  80.  57.]]","[[ 29. 228. 203. 147. 126.]
 [ 94.   0. 105.  80.  16.]
 [141. 105.  89. 155. 129.]
 [104. 242. 207. 169. 200.]
 [178.  92. 191. 145.  96.]]","[[145. 233. 203. 143. 215.]
 [118.  65. 217. 162. 132.]
 [227. 122.  74. 229. 178.]
 [159. 253. 221. 112. 140.]
 [ 41.   0. 207.  76.   0.]]","[[ 57. 195. 156.  19. 150.]
 [176. 139.  91.  68.  34.]
 [206. 168.  21.  55.  60.]
 [ 63.  72.  47.   7.  89.]
 [ 55.   7.  74.  77.  48.]]","[[110. 113. 120. 102.  97.]
 [ 66.  38.  56.  58.  18.]
 [ 55.  58.   3.  40.  53.]
 [ 44.  75.  93.  33. 132.]
 [ 72.  36.  82.  97.  58.]]","[[ 52.  48.  40.   1. 200.]
 [136. 100.  66.  67.  59.]
 [159. 108.  77. 153. 159.]
 [155.  62.  72.  35.  69.]
 [ 63.  49.  76.  82.  80.]]","[[ 44.  77.  55.  34.  55.]
 [ 48.  22.   3.   1.   4.]
 [ 97.  20.   4. 114.  73.]
 [ 71.  78.  65.  48. 103.]
 [ 83.  72. 121. 128.  58.]]","[[143. 108.  58.  31. 143.]
 [154. 122. 225. 186. 111.]
 [183. 104.  63. 104.  96.]
 [ 49. 139. 123.  72. 124.]
 [112.  70. 141. 146.  54.]]","[[188. 185.  90.  60. 117.]
 [ 99.  49. 208. 150.  87.]
 [220. 204. 153. 234. 228.]
 [196. 115.  98.   0. 232.]
 [209. 157. 206. 155. 108.]]","[[ 50. 237. 200. 156. 202.]
 [183. 168.  94.  36.   0.]
 [131. 113.  63. 140.  68.]
 [ 43.  53.  35.  31. 249.]
 [230. 112. 124.  97.  42.]]","[[ 94. 160. 147. 139. 219.]
 [161. 113. 218. 211. 203.]
 [ 25.  26.  28. 166. 162.]
 [ 63. 110.  66.  21. 240.]
 [205.  61.  45.  53.  30.]]","[[ 67. 167. 116.  50. 116.]
 [ 91.  84. 185. 162.  95.]
 [214. 197. 105. 122. 142.]
 [ 89. 209. 128.  62.  33.]
 [ 52.  33.  40.  38.  43.]]","[[ 60. 139. 132. 122. 168.]
 [163. 121. 129.  93.  41.]
 [148.  76.  17. 103. 109.]
 [ 75. 126. 132.  98. 184.]
 [115.  58. 140.  95.  54.]]","[[121. 190. 183. 173. 160.]
 [144. 144. 122.  74. 100.]
 [167. 163. 160. 123. 111.]
 [ 99. 148. 147. 145. 135.]
 [ 73.  52. 132.  61.  55.]]","[[239. 227. 217. 205. 227.]
 [214. 208. 246. 242. 231.]
 [190. 173. 145. 239. 217.]
 [176. 166. 128.  53. 109.]
 [ 91.  81. 237. 226. 208.]]","[[  0. 240. 212. 149.  36.]
 [ 29.  10. 138. 120. 100.]
 [ 65.  46.  29. 206. 197.]
 [192. 198. 201. 206.  36.]
 [ 34.  35.  75.  78.  71.]]","[[147.  87.  61.  46. 166.]
 [163. 154. 128. 111. 103.]
 [201. 182. 142. 225. 220.]
 [214. 129.  79.  52. 173.]
 [169.  95. 137. 115. 104.]]","[[ 74. 199. 122.  78. 135.]
 [135. 109.   0.  10.   0.]
 [207. 120.  49. 181. 119.]
 [ 62. 205. 109.  59. 183.]
 [135.  53.  65.  72.  54.]]","[[119. 147. 127. 136.  74.]
 [ 63.  35. 208. 177. 131.]
 [130. 129. 101.  90.  97.]
 [ 90. 142. 130. 116.  71.]
 [ 75.  76. 104.  95.  54.]]","[[ 32.  89.  71.  51.  23.]
 [ 18.  14.  73.  62.  42.]
 [ 69.  68.  40.  52.  66.]
 [ 30. 134. 125.  92.  31.]
 [ 36.  16.  48.  56.  33.]]","[[ 20.  82.  50.  35. 178.]
 [163. 106. 115.  74.  88.]
 [139. 111.  99. 135. 146.]
 [130. 104.  91.  38.  67.]
 [ 52.  11. 103.  69.  41.]]","[[ 24.  93.  70.  29. 210.]
 [176. 128.  79.  44.  22.]
 [175.  99.  65. 207. 193.]
 [158. 224. 185. 146. 170.]
 [147. 139.  53.  45.  26.]]","[[ 90. 134.  77.  47. 109.]
 [ 91.  69. 126. 113.  79.]
 [166. 136.  66. 124. 117.]
 [101. 108.  96. 110. 176.]
 [123. 149. 143. 146. 139.]]","[[ 67. 122.  44.   8.  48.]
 [ 71.  77. 139.  63.  14.]
 [ 68.  53.  48. 195. 117.]
 [ 68.  87.  74.  40. 126.]
 [117.  60. 176. 150. 123.]]","[[ 86. 189.  85.  22. 238.]
 [126.  60.  71.  71.  71.]
 [ 45.  52.  58. 119. 116.]
 [111.   8.   5.  14.  72.]
 [ 67.  61. 144. 145. 137.]]","[[ 62.  25.   1.  27. 148.]
 [133.  92. 230. 222. 211.]
 [173. 144.  26. 131. 112.]
 [ 44. 181. 162.  42. 209.]
 [172.  65. 191. 131. 105.]]","[[ 65. 147.  71.  35. 194.]
 [180. 177. 125. 123. 110.]
 [136. 132. 120. 162. 127.]
 [ 95. 144. 141.  96. 141.]
 [146. 140. 185. 188. 169.]]","[[ 35.  50.  38.  48.  94.]
 [ 62.  47.  78.  93.  50.]
 [ 57.  51.  35. 112.  84.]
 [ 47. 252. 223.  67.  79.]
 [ 55.  31. 188. 162.  26.]]","[[ 84.  89.  56.  15. 111.]
 [ 85.  50. 194. 183. 121.]
 [169. 175. 131. 134.  88.]
 [ 52.  39.  45.  43.  92.]
 [ 90.  33. 205. 172.  79.]]","[[ 77. 251. 210.  96. 179.]
 [142.  89. 117.  54.  36.]
 [128. 118.  56. 181. 146.]
 [ 54. 204. 172. 125.  38.]
 [ 27.   0. 231. 159.  85.]]","[[ 48.  96.  60.   0. 173.]
 [179. 177. 147. 136. 118.]
 [132. 132. 122. 108.  79.]
 [ 61. 120.  67.  35. 111.]
 [ 62.  29.  61.  58.  43.]]","[[ 61. 110. 100.  65.  81.]
 [ 67.  32.  56.  93. 137.]
 [129.  68.  40. 149. 117.]
 [ 58.  98.  59.  30. 106.]
 [102.  54. 233. 204. 100.]]","[[185. 211. 212. 216. 228.]
 [231. 224. 231. 197.  63.]
 [165.  92.  37. 149.  96.]
 [ 54. 115. 104.  84. 119.]
 [113. 115. 176. 130. 104.]]","[[ 35. 209. 139.  43.  75.]
 [ 48.  21.  73.  63.  64.]
 [ 97.  51.  25. 131.  84.]
 [ 64. 200. 179.  98. 125.]
 [ 65.  31. 130. 101.  87.]]","[[177.  71.  53.  41.  59.]
 [ 41.  27.  88.  89.  71.]
 [152.  74.  38.  67.  41.]
 [ 16. 186. 168. 154.  60.]
 [ 41.  26.  39.  42.  21.]]","[[103.  65.  51.  84. 217.]
 [ 84.  19. 164. 132.  45.]
 [141. 115.  88.  38.  38.]
 [  0. 195. 198. 151. 147.]
 [ 94.  62. 238. 190. 106.]]","[[122.  64.  30.   2. 140.]
 [154. 157. 145. 115.  61.]
 [100.  76.  64. 150. 103.]
 [ 77.  99. 125. 138.  44.]
 [ 27.  11.  54.  64.  40.]]","[[  0. 130.  68.  17. 107.]
 [106. 101. 161. 114.  62.]
 [ 94.  78.  44.  79.  71.]
 [ 60.  89.  35.   1.  82.]
 [ 45.   1.  45.  46.  48.]]","[[ 30.  49.  65.  20. 168.]
 [100.  65.  56.  31.   1.]
 [ 68.  64.   0. 133. 112.]
 [ 93.  73.  28.   0. 226.]
 [162. 116. 116.  99.  89.]]","[[ 84. 141.  94.  40. 160.]
 [159. 115. 188. 102.  51.]
 [154. 132.  21. 189.  74.]
 [ 47. 142.  76.  77. 242.]
 [209. 190.  85.  69.  20.]]","[[ 59. 136. 119.  76. 141.]
 [119.  70. 112.  93.  53.]
 [176. 152.  78. 197. 168.]
 [136. 143. 113.  85. 177.]
 [152. 112. 131. 109.  52.]]","[[ 93.  61.  69.  90.  69.]
 [ 96. 115.  33.  73.  98.]
 [ 97.  81.  45.  82.  64.]
 [ 14.  66.  63.  30. 186.]
 [191. 107. 169. 167. 142.]]"
