35_shotopir_part1,[[6.206268e-11]]
35_shotopir_part5,[[4.5079666e-11]]
34_animalworld,[[2.0315818e-11]]
35_shotopir,[[1.1909592e-11]]
35_shotopir_part6,[[3.1351796e-12]]
33_binladen11september,[[9.699467e-13]]
32_chandimangal_part1,[[5.16071e-13]]
34_animalworld_part4,[[2.0315818e-11]]
34_animalworld_part1,[[1.8545625e-08]]
33_binladen11september_part5,[[1.2399167e-11]]
34_animalworld_part2,[[6.46069e-11]]
34_animalworld_part3,[[4.194328e-11]]
31_manasamangal_part2,[[4.297675e-12]]
31_manasamangal,[[2.2617845e-12]]
32_chandimangal,[[6.200248e-14]]
31_manasamangal_part1,[[1.0647017e-11]]
31_manasamangal_part5,[[4.4300678e-11]]
31_manasamangal_part4,[[7.953563e-11]]
31_manasamangal_part6,[[5.0717573e-12]]
